<?xml version="1.0" encoding="UTF-8"?>
<project-private xmlns="http://www.netbeans.org/ns/project-private/1">
    <editor-bookmarks xmlns="http://www.netbeans.org/ns/editor-bookmarks/2" lastBookmarkId="0"/>
    <open-files xmlns="http://www.netbeans.org/ns/projectui-open-files/2">
        <group>
            <file>file:/C:/wamp/www/silexGSB/public/.htaccess</file>
            <file>file:/C:/wamp/www/silexGSB/vues/v_entete.php</file>
            <file>file:/C:/wamp/www/silexGSB/app/controleurs.php</file>
            <file>file:/C:/wamp/www/silexGSB/vues/v_connexion.php</file>
            <file>file:/C:/wamp/www/silexGSB/app/routes.php</file>
        </group>
    </open-files>
</project-private>
